CO 0001,2023-04-20,2023,4,20
CO 0002,2022-01-02,2022,1,2
CO 0003,2022-01-03,2022,1,3
CO 0004,2022-01-04,2022,1,4
CO 0005,2022-01-05,2022,1,5
CO 0006,2022-01-06,2022,1,6
CO 0007,2022-01-07,2022,1,7
CO 0008,2022-01-09,2022,1,9
CO 0009,2022-01-10,2022,1,10
CO 0010,2022-01-11,2022,1,11
CO 0011,2022-01-12,2022,1,12
CO 0012,2022-01-13,2022,1,13
CO 0013,2022-01-14,2022,1,14
CO 0014,2022-01-15,2022,1,15
CO 0015,2022-01-16,2022,1,16
CO 0016,2022-01-17,2022,1,17
CO 0017,2022-01-18,2022,1,18
CO 0018,2022-01-19,2022,1,19
CO 0019,2022-01-20,2022,1,20
CO 0020,2022-01-21,2022,1,21
CO 0021,2022-01-22,2022,1,22
CO 0022,2022-01-23,2022,1,23
CO 0023,2022-01-24,2022,1,24
CO 0024,2022-01-25,2022,1,25
CO 0025,2022-01-26,2022,1,26
CO 0026,2022-01-27,2022,1,27
CO 0027,2022-01-28,2022,1,28
CO 0028,2022-01-29,2022,1,29
CO 0029,2022-01-30,2022,1,30
CO 0030,2022-01-31,2022,1,31
CO 0031,2022-02-01,2022,2,1
CO 0032,2022-02-02,2022,2,2
CO 0033,2022-02-03,2022,2,3
CO 0034,2022-02-04,2022,2,4
CO 0035,2022-02-05,2022,2,5
CO 0036,2022-02-06,2022,2,6
CO 0037,2022-02-07,2022,2,7
CO 0038,2022-02-08,2022,2,8
CO 0039,2022-02-09,2022,2,9
CO 0040,2022-02-10,2022,2,10
CO 0041,2022-02-11,2022,2,11
CO 0042,2022-02-12,2022,2,12
CO 0043,2022-02-13,2022,2,13
CO 0044,2022-02-14,2022,2,14
CO 0045,2022-02-15,2022,2,15
CO 0046,2022-02-16,2022,2,16
CO 0047,2022-02-17,2022,2,17
CO 0048,2022-02-18,2022,2,18
CO 0049,2022-02-19,2022,2,19
CO 0050,2022-02-20,2022,2,20
CO 0051,2022-02-21,2022,2,21
CO 0052,2022-02-22,2022,2,22
CO 0053,2022-02-23,2022,2,23
CO 0054,2022-02-24,2022,2,24
CO 0055,2022-02-25,2022,2,25
CO 0056,2022-02-26,2022,2,26
CO 0057,2022-02-27,2022,2,27
CO 0058,2022-02-28,2022,2,28
CO 0059,2022-03-01,2022,3,1
CO 0060,2022-03-02,2022,3,2
CO 0061,2022-03-03,2022,3,3
CO 0062,2022-03-04,2022,3,4
CO 0063,2022-03-05,2022,3,5
CO 0064,2022-03-06,2022,3,6
CO 0065,2022-03-07,2022,3,7
CO 0066,2022-03-08,2022,3,8
CO 0067,2022-03-09,2022,3,9
CO 0068,2022-03-10,2022,3,10
CO 0069,2022-03-11,2022,3,11
CO 0070,2022-03-12,2022,3,12
CO 0071,2022-03-13,2022,3,13
CO 0072,2022-03-14,2022,3,14
CO 0073,2022-03-15,2022,3,15
CO 0074,2022-03-16,2022,3,16
CO 0075,2022-03-17,2022,3,17
CO 0076,2022-03-18,2022,3,18
CO 0077,2022-03-19,2022,3,19
CO 0078,2022-03-20,2022,3,20
CO 0079,2022-03-21,2022,3,21
CO 0080,2022-03-22,2022,3,22
CO 0081,2022-03-23,2022,3,23
CO 0082,2022-03-24,2022,3,24
CO 0083,2022-03-25,2022,3,25
CO 0084,2022-03-26,2022,3,26
CO 0085,2022-03-27,2022,3,27
CO 0086,2022-03-28,2022,3,28
CO 0087,2022-03-29,2022,3,29
CO 0088,2022-03-30,2022,3,30
CO 0089,2022-03-31,2022,3,31
CO 0090,2022-04-01,2022,4,1
CO 0091,2022-04-02,2022,4,2
CO 0092,2022-04-03,2022,4,3
CO 0093,2022-04-04,2022,4,4
CO 0094,2022-04-05,2022,4,5
CO 0095,2022-04-06,2022,4,6
CO 0096,2022-04-07,2022,4,7
CO 0097,2022-04-08,2022,4,8
CO 0098,2022-04-09,2022,4,9
CO 0099,2022-04-10,2022,4,10
CO 0100,2022-04-11,2022,4,11
CO 0101,2022-04-12,2022,4,12
CO 0102,2022-04-13,2022,4,13
CO 0103,2022-04-14,2022,4,14
CO 0104,2022-04-15,2022,4,15
CO 0105,2022-04-16,2022,4,16
CO 0106,2022-04-17,2022,4,17
CO 0107,2022-04-18,2022,4,18
CO 0108,2022-04-19,2022,4,19
CO 0109,2022-04-20,2022,4,20
CO 0110,2022-04-21,2022,4,21
CO 0111,2022-04-22,2022,4,22
CO 0112,2022-04-23,2022,4,23
CO 0113,2022-04-24,2022,4,24
CO 0114,2022-04-25,2022,4,25
CO 0115,2022-04-26,2022,4,26
CO 0116,2022-04-27,2022,4,27
CO 0117,2022-04-28,2022,4,28
CO 0118,2022-04-29,2022,4,29
CO 0119,2022-04-30,2022,4,30
CO 0120,2022-05-01,2022,5,1
CO 0121,2022-05-02,2022,5,2
CO 0122,2022-05-03,2022,5,3
CO 0123,2022-05-04,2022,5,4
CO 0124,2022-05-05,2022,5,5
CO 0125,2022-05-06,2022,5,6
CO 0126,2022-05-07,2022,5,7
CO 0127,2022-05-08,2022,5,8
CO 0128,2022-05-09,2022,5,9
CO 0129,2022-05-10,2022,5,10
CO 0130,2022-05-11,2022,5,11
CO 0131,2022-05-12,2022,5,12
CO 0132,2022-05-13,2022,5,13
CO 0133,2022-05-14,2022,5,14
CO 0134,2022-05-15,2022,5,15
CO 0135,2022-05-16,2022,5,16
CO 0136,2022-05-17,2022,5,17
CO 0137,2022-05-18,2022,5,18
CO 0138,2022-05-19,2022,5,19
CO 0139,2022-05-20,2022,5,20
CO 0140,2022-05-21,2022,5,21
CO 0141,2022-05-22,2022,5,22
CO 0142,2022-05-23,2022,5,23
CO 0143,2022-05-24,2022,5,24
CO 0144,2022-05-25,2022,5,25
CO 0145,2022-05-26,2022,5,26
CO 0146,2022-05-27,2022,5,27
CO 0147,2022-05-28,2022,5,28
CO 0148,2022-05-29,2022,5,29
CO 0149,2022-05-30,2022,5,30
CO 0150,2022-05-31,2022,5,31
CO 0151,2022-06-01,2022,6,1
CO 0152,2022-06-02,2022,6,2
CO 0153,2022-06-03,2022,6,3
CO 0154,2022-06-04,2022,6,4
CO 0155,2022-06-05,2022,6,5
CO 0156,2022-06-06,2022,6,6
CO 0157,2022-06-07,2022,6,7
CO 0158,2022-06-08,2022,6,8
CO 0159,2022-06-09,2022,6,9
CO 0160,2022-06-10,2022,6,10
CO 0161,2022-06-11,2022,6,11
CO 0162,2022-06-12,2022,6,12
CO 0163,2022-06-13,2022,6,13
CO 0164,2022-06-14,2022,6,14
CO 0165,2022-06-15,2022,6,15
CO 0166,2022-06-16,2022,6,16
CO 0167,2022-06-17,2022,6,17
CO 0168,2022-06-18,2022,6,18
CO 0169,2022-06-19,2022,6,19
CO 0170,2022-06-20,2022,6,20
CO 0171,2022-06-21,2022,6,21
CO 0172,2022-06-22,2022,6,22
CO 0173,2022-06-23,2022,6,23
CO 0174,2022-06-24,2022,6,24
CO 0175,2022-06-25,2022,6,25
CO 0176,2022-06-26,2022,6,26
CO 0177,2022-06-27,2022,6,27
CO 0178,2022-06-28,2022,6,28
CO 0179,2022-06-29,2022,6,29
CO 0180,2022-06-30,2022,6,30
CO 0181,2022-07-01,2022,7,1
CO 0182,2022-07-03,2022,7,3
CO 0183,2022-07-04,2022,7,4
CO 0184,2022-07-05,2022,7,5
CO 0185,2022-07-06,2022,7,6
CO 0186,2022-07-07,2022,7,7
CO 0187,2022-07-08,2022,7,8
CO 0188,2022-07-09,2022,7,9
CO 0189,2022-07-10,2022,7,10
CO 0190,2022-07-11,2022,7,11
CO 0191,2022-07-12,2022,7,12
CO 0192,2022-07-13,2022,7,13
CO 0193,2022-07-14,2022,7,14
CO 0194,2022-07-15,2022,7,15
CO 0195,2022-07-16,2022,7,16
CO 0196,2022-07-17,2022,7,17
CO 0197,2022-07-18,2022,7,18
CO 0198,2022-07-19,2022,7,19
CO 0199,2022-07-20,2022,7,20
CO 0200,2022-07-21,2022,7,21
CO 0201,2022-07-22,2022,7,22
CO 0202,2022-07-23,2022,7,23
CO 0203,2022-07-24,2022,7,24
CO 0204,2022-07-25,2022,7,25
CO 0205,2022-07-27,2022,7,27
CO 0206,2022-07-28,2022,7,28
CO 0207,2022-07-29,2022,7,29
CO 0208,2022-07-30,2022,7,30
CO 0209,2022-07-31,2022,7,31
CO 0210,2022-08-01,2022,8,1
CO 0211,2022-08-02,2022,8,2
CO 0212,2022-08-04,2022,8,4
CO 0213,2022-08-05,2022,8,5
CO 0214,2022-08-06,2022,8,6
CO 0215,2022-08-07,2022,8,7
CO 0216,2022-08-08,2022,8,8
CO 0217,2022-08-09,2022,8,9
CO 0218,2022-08-10,2022,8,10
CO 0219,2022-08-11,2022,8,11
CO 0220,2022-08-12,2022,8,12
CO 0221,2022-08-13,2022,8,13
CO 0222,2022-08-14,2022,8,14
CO 0223,2022-08-15,2022,8,15
CO 0224,2022-08-16,2022,8,16
CO 0225,2022-08-17,2022,8,17
CO 0226,2022-08-18,2022,8,18
CO 0227,2022-08-19,2022,8,19
CO 0228,2022-08-20,2022,8,20
CO 0229,2022-08-21,2022,8,21
CO 0230,2022-08-22,2022,8,22
CO 0231,2022-08-23,2022,8,23
CO 0232,2022-08-24,2022,8,24
CO 0233,2022-08-25,2022,8,25
CO 0234,2022-08-26,2022,8,26
CO 0235,2022-08-27,2022,8,27
CO 0236,2022-08-28,2022,8,28
CO 0237,2022-08-30,2022,8,30
CO 0238,2022-08-31,2022,8,31
CO 0239,2022-09-01,2022,9,1
CO 0240,2022-09-02,2022,9,2
CO 0241,2022-09-03,2022,9,3
CO 0242,2022-09-04,2022,9,4
CO 0243,2022-09-05,2022,9,5
CO 0244,2022-09-06,2022,9,6
CO 0245,2022-09-07,2022,9,7
CO 0246,2022-09-08,2022,9,8
CO 0247,2022-09-09,2022,9,9
CO 0248,2022-09-10,2022,9,10
CO 0249,2022-09-11,2022,9,11
CO 0250,2022-09-12,2022,9,12
CO 0251,2022-09-13,2022,9,13
CO 0252,2022-09-14,2022,9,14
CO 0253,2022-09-15,2022,9,15
CO 0254,2022-09-16,2022,9,16
CO 0255,2022-09-17,2022,9,17
CO 0256,2022-09-18,2022,9,18
CO 0257,2022-09-19,2022,9,19
CO 0258,2022-09-20,2022,9,20
CO 0259,2022-09-21,2022,9,21
CO 0260,2022-09-22,2022,9,22
CO 0261,2022-09-23,2022,9,23
CO 0262,2022-09-24,2022,9,24
CO 0263,2022-09-25,2022,9,25
CO 0264,2022-09-26,2022,9,26
CO 0265,2022-09-27,2022,9,27
CO 0266,2022-09-28,2022,9,28
CO 0267,2022-09-29,2022,9,29
CO 0268,2022-09-30,2022,9,30
CO 0269,2022-10-01,2022,10,1
CO 0270,2022-10-02,2022,10,2
CO 0271,2022-10-03,2022,10,3
CO 0272,2022-10-04,2022,10,4
CO 0273,2022-10-05,2022,10,5
CO 0274,2022-10-06,2022,10,6
CO 0275,2022-10-07,2022,10,7
CO 0276,2022-10-08,2022,10,8
CO 0277,2022-10-09,2022,10,9
CO 0278,2022-10-10,2022,10,10
CO 0279,2022-10-11,2022,10,11
CO 0280,2022-10-12,2022,10,12
CO 0281,2022-10-13,2022,10,13
CO 0282,2022-10-14,2022,10,14
CO 0283,2022-10-15,2022,10,15
CO 0284,2022-10-16,2022,10,16
CO 0285,2022-10-17,2022,10,17
CO 0286,2022-10-18,2022,10,18
CO 0287,2022-10-19,2022,10,19
CO 0288,2022-10-20,2022,10,20
CO 0289,2022-10-21,2022,10,21
CO 0290,2022-10-22,2022,10,22
CO 0291,2022-10-23,2022,10,23
CO 0292,2022-10-24,2022,10,24
CO 0293,2022-10-25,2022,10,25
CO 0294,2022-10-26,2022,10,26
CO 0295,2022-10-27,2022,10,27
CO 0296,2022-10-28,2022,10,28
CO 0297,2022-10-29,2022,10,29
CO 0298,2022-10-30,2022,10,30
CO 0299,2022-10-31,2022,10,31
CO 0300,2022-11-01,2022,11,1
CO 0301,2022-11-02,2022,11,2
CO 0302,2022-11-03,2022,11,3
CO 0303,2022-11-04,2022,11,4
CO 0304,2022-11-05,2022,11,5
CO 0305,2022-11-06,2022,11,6
CO 0306,2022-11-07,2022,11,7
CO 0307,2022-11-08,2022,11,8
CO 0308,2022-11-09,2022,11,9
CO 0309,2022-11-10,2022,11,10
CO 0310,2022-11-11,2022,11,11
CO 0311,2022-11-12,2022,11,12
CO 0312,2022-11-13,2022,11,13
CO 0313,2022-11-14,2022,11,14
CO 0314,2022-11-15,2022,11,15
CO 0315,2022-11-16,2022,11,16
CO 0316,2022-11-17,2022,11,17
CO 0317,2022-11-18,2022,11,18
CO 0318,2022-11-19,2022,11,19
CO 0319,2022-11-20,2022,11,20
CO 0320,2022-11-21,2022,11,21
CO 0321,2022-11-22,2022,11,22
CO 0322,2022-11-23,2022,11,23
CO 0323,2022-11-24,2022,11,24
CO 0324,2022-11-25,2022,11,25
CO 0325,2022-11-26,2022,11,26
CO 0326,2022-11-27,2022,11,27
CO 0327,2022-11-28,2022,11,28
CO 0328,2022-11-29,2022,11,29
CO 0329,2022-11-30,2022,11,30
CO 0330,2022-12-01,2022,12,1
CO 0331,2022-12-02,2022,12,2
CO 0332,2022-12-03,2022,12,3
CO 0333,2022-12-04,2022,12,4
CO 0334,2022-12-05,2022,12,5
CO 0335,2022-12-06,2022,12,6
CO 0336,2022-12-07,2022,12,7
CO 0337,2022-12-08,2022,12,8
CO 0338,2022-12-09,2022,12,9
CO 0339,2022-12-10,2022,12,10
CO 0340,2022-12-11,2022,12,11
CO 0341,2022-12-12,2022,12,12
CO 0342,2022-12-13,2022,12,13
CO 0343,2022-12-14,2022,12,14
CO 0344,2022-12-15,2022,12,15
CO 0345,2022-12-16,2022,12,16
CO 0346,2022-12-17,2022,12,17
CO 0347,2022-12-18,2022,12,18
CO 0348,2022-12-19,2022,12,19
CO 0349,2022-12-20,2022,12,20
CO 0350,2022-12-21,2022,12,21
CO 0351,2022-12-22,2022,12,22
CO 0352,2022-12-23,2022,12,23
CO 0353,2022-12-24,2022,12,24
CO 0354,2022-12-25,2022,12,25
CO 0355,2022-12-27,2022,12,27
CO 0356,2022-12-28,2022,12,28
CO 0357,2022-12-29,2022,12,29
CO 0358,2022-12-30,2022,12,30
CO 0359,2022-12-31,2022,12,31
CO 0360,2023-01-01,2023,1,1
CO 0361,2023-01-02,2023,1,2
CO 0362,2023-01-03,2023,1,3
CO 0363,2023-01-04,2023,1,4
CO 0364,2023-01-05,2023,1,5
CO 0365,2023-01-06,2023,1,6
CO 0366,2023-01-07,2023,1,7
CO 0367,2023-01-08,2023,1,8
CO 0368,2023-01-09,2023,1,9
CO 0369,2023-01-10,2023,1,10
CO 0370,2023-01-11,2023,1,11
CO 0371,2023-01-12,2023,1,12
CO 0372,2023-01-13,2023,1,13
CO 0373,2023-01-14,2023,1,14
CO 0374,2023-01-15,2023,1,15
CO 0375,2023-01-16,2023,1,16
CO 0376,2023-01-17,2023,1,17
CO 0377,2023-01-18,2023,1,18
CO 0378,2023-01-19,2023,1,19
CO 0379,2023-01-20,2023,1,20
CO 0380,2023-01-21,2023,1,21
CO 0381,2023-01-22,2023,1,22
CO 0382,2023-01-23,2023,1,23
CO 0383,2023-01-24,2023,1,24
CO 0384,2023-01-25,2023,1,25
CO 0385,2023-01-26,2023,1,26
CO 0386,2023-01-27,2023,1,27
CO 0387,2023-01-28,2023,1,28
CO 0388,2023-01-29,2023,1,29
CO 0389,2023-01-30,2023,1,30
CO 0390,2023-01-31,2023,1,31
CO 0391,2023-02-01,2023,2,1
CO 0392,2023-02-02,2023,2,2
CO 0393,2023-02-03,2023,2,3
CO 0394,2023-02-04,2023,2,4
CO 0395,2023-02-05,2023,2,5
CO 0396,2023-02-06,2023,2,6
CO 0397,2023-02-07,2023,2,7
CO 0398,2023-02-08,2023,2,8
CO 0399,2023-02-09,2023,2,9
CO 0400,2023-02-10,2023,2,10
CO 0401,2023-02-11,2023,2,11
CO 0402,2023-02-12,2023,2,12
CO 0403,2023-02-13,2023,2,13
CO 0404,2023-02-14,2023,2,14
CO 0405,2023-02-15,2023,2,15
CO 0406,2023-02-16,2023,2,16
CO 0407,2023-02-17,2023,2,17
CO 0408,2023-02-18,2023,2,18
CO 0409,2023-02-19,2023,2,19
CO 0410,2023-02-20,2023,2,20
CO 0411,2023-02-21,2023,2,21
CO 0412,2023-02-22,2023,2,22
CO 0413,2023-02-23,2023,2,23
CO 0414,2023-02-24,2023,2,24
CO 0415,2023-02-25,2023,2,25
CO 0416,2023-02-26,2023,2,26
CO 0417,2023-02-27,2023,2,27
CO 0418,2023-02-28,2023,2,28
CO 0419,2023-03-01,2023,3,1
CO 0420,2023-03-02,2023,3,2
CO 0421,2023-03-03,2023,3,3
CO 0422,2023-03-04,2023,3,4
CO 0423,2023-03-05,2023,3,5
CO 0424,2023-03-06,2023,3,6
CO 0425,2023-03-07,2023,3,7
CO 0426,2023-03-08,2023,3,8
CO 0427,2023-03-09,2023,3,9
CO 0428,2023-03-10,2023,3,10
CO 0429,2023-03-11,2023,3,11
CO 0430,2023-03-12,2023,3,12
CO 0431,2023-03-13,2023,3,13
CO 0432,2023-03-14,2023,3,14
CO 0433,2023-03-15,2023,3,15
CO 0434,2023-03-16,2023,3,16
CO 0435,2023-03-17,2023,3,17
CO 0436,2023-03-18,2023,3,18
CO 0437,2023-03-19,2023,3,19
CO 0438,2023-03-20,2023,3,20
CO 0439,2023-03-21,2023,3,21
CO 0440,2023-03-22,2023,3,22
CO 0441,2023-03-23,2023,3,23
CO 0442,2023-03-24,2023,3,24
CO 0443,2023-03-25,2023,3,25
CO 0444,2023-03-26,2023,3,26
CO 0445,2023-03-27,2023,3,27
CO 0446,2023-03-28,2023,3,28
CO 0447,2023-03-29,2023,3,29
CO 0448,2023-03-30,2023,3,30
CO 0449,2023-03-31,2023,3,31
CO 0450,2023-04-01,2023,4,1
CO 0451,2023-04-02,2023,4,2
CO 0452,2023-04-03,2023,4,3
CO 0453,2023-04-04,2023,4,4
CO 0454,2023-04-05,2023,4,5
CO 0455,2023-04-06,2023,4,6
CO 0456,2023-04-07,2023,4,7
CO 0457,2023-04-08,2023,4,8
CO 0458,2023-04-09,2023,4,9
CO 0459,2023-04-10,2023,4,10
CO 0460,2023-04-11,2023,4,11
CO 0461,2023-04-12,2023,4,12
CO 0462,2023-04-13,2023,4,13
CO 0463,2023-04-14,2023,4,14
CO 0464,2023-04-15,2023,4,15
CO 0465,2023-04-16,2023,4,16
CO 0466,2023-04-17,2023,4,17
CO 0467,2023-04-18,2023,4,18
CO 0468,2023-04-19,2023,4,19
CO 0469,2023-04-21,2023,4,21
CO 0470,2023-04-22,2023,4,22
CO 0471,2023-04-23,2023,4,23
CO 0472,2023-04-24,2023,4,24
CO 0473,2023-04-25,2023,4,25
CO 0474,2023-04-26,2023,4,26
CO 0475,2023-04-27,2023,4,27
CO 0476,2023-04-28,2023,4,28
CO 0477,2023-04-29,2023,4,29
CO 0478,2023-04-30,2023,4,30
CO 0479,2023-05-01,2023,5,1
CO 0480,2023-05-02,2023,5,2
CO 0481,2023-05-03,2023,5,3
CO 0482,2023-05-04,2023,5,4
CO 0483,2023-05-05,2023,5,5
CO 0484,2023-05-06,2023,5,6
CO 0485,2023-05-07,2023,5,7
CO 0486,2023-05-08,2023,5,8
CO 0487,2023-05-09,2023,5,9
CO 0488,2023-05-10,2023,5,10
CO 0489,2023-05-11,2023,5,11
CO 0490,2023-05-12,2023,5,12
CO 0491,2023-05-13,2023,5,13
CO 0492,2023-05-14,2023,5,14
CO 0493,2023-05-15,2023,5,15
CO 0494,2023-05-16,2023,5,16
CO 0495,2023-05-17,2023,5,17
CO 0496,2023-05-18,2023,5,18
CO 0497,2023-05-19,2023,5,19
CO 0498,2023-05-21,2023,5,21
CO 0499,2023-05-22,2023,5,22
CO 0500,2023-05-23,2023,5,23
CO 0501,2023-05-24,2023,5,24
CO 0502,2023-05-25,2023,5,25
CO 0503,2023-05-26,2023,5,26
CO 0504,2023-05-27,2023,5,27
CO 0505,2023-05-28,2023,5,28
CO 0506,2023-05-29,2023,5,29
CO 0507,2023-05-30,2023,5,30
CO 0508,2023-05-31,2023,5,31
CO 0509,2023-06-01,2023,6,1
CO 0510,2023-06-02,2023,6,2
CO 0511,2023-06-03,2023,6,3
CO 0512,2023-06-04,2023,6,4
CO 0513,2023-06-05,2023,6,5
CO 0514,2023-06-06,2023,6,6
CO 0515,2023-06-07,2023,6,7
CO 0516,2023-06-08,2023,6,8
CO 0517,2023-06-09,2023,6,9
CO 0518,2023-06-10,2023,6,10
CO 0519,2023-06-11,2023,6,11
CO 0520,2023-06-12,2023,6,12
CO 0521,2023-06-13,2023,6,13
CO 0522,2023-06-14,2023,6,14
CO 0523,2023-06-15,2023,6,15
CO 0524,2023-06-16,2023,6,16
CO 0525,2023-06-17,2023,6,17
CO 0526,2023-06-18,2023,6,18
CO 0527,2023-06-19,2023,6,19
CO 0528,2023-06-20,2023,6,20
CO 0529,2023-06-21,2023,6,21
CO 0530,2023-06-22,2023,6,22
CO 0531,2023-06-23,2023,6,23
CO 0532,2023-06-24,2023,6,24
CO 0533,2023-06-25,2023,6,25
CO 0534,2023-06-26,2023,6,26
CO 0535,2023-06-27,2023,6,27
CO 0536,2023-06-28,2023,6,28
CO 0537,2023-06-29,2023,6,29
CO 0538,2023-06-30,2023,6,30
CO 0539,2023-07-01,2023,7,1
CO 0540,2023-07-02,2023,7,2
CO 0541,2023-07-03,2023,7,3
CO 0542,2023-07-04,2023,7,4
CO 0543,2023-07-06,2023,7,6
CO 0544,2023-07-07,2023,7,7
CO 0545,2023-07-08,2023,7,8
CO 0546,2023-07-09,2023,7,9
CO 0547,2023-07-10,2023,7,10
CO 0548,2023-07-11,2023,7,11
CO 0549,2023-07-12,2023,7,12
CO 0550,2023-07-13,2023,7,13
CO 0551,2023-07-14,2023,7,14
CO 0552,2023-07-15,2023,7,15
CO 0553,2023-07-16,2023,7,16
CO 0554,2023-07-17,2023,7,17
CO 0555,2023-07-18,2023,7,18
CO 0556,2023-07-19,2023,7,19
CO 0557,2023-07-20,2023,7,20
CO 0558,2023-07-21,2023,7,21
CO 0559,2023-07-22,2023,7,22
CO 0560,2023-07-23,2023,7,23
CO 0561,2023-07-24,2023,7,24
CO 0562,2023-07-25,2023,7,25
CO 0563,2023-07-26,2023,7,26
CO 0564,2023-07-27,2023,7,27
CO 0565,2023-07-28,2023,7,28
CO 0566,2023-07-29,2023,7,29
CO 0567,2023-07-30,2023,7,30
CO 0568,2023-07-31,2023,7,31
CO 0569,2023-08-01,2023,8,1
CO 0570,2023-08-02,2023,8,2
CO 0571,2023-08-03,2023,8,3
CO 0572,2023-08-04,2023,8,4
CO 0573,2023-08-05,2023,8,5
CO 0574,2023-08-06,2023,8,6
CO 0575,2023-08-07,2023,8,7
CO 0576,2023-08-08,2023,8,8
CO 0577,2023-08-09,2023,8,9
CO 0578,2023-08-10,2023,8,10
CO 0579,2023-08-11,2023,8,11
CO 0580,2023-08-12,2023,8,12
CO 0581,2023-08-13,2023,8,13
CO 0582,2023-08-14,2023,8,14
CO 0583,2023-08-15,2023,8,15
CO 0584,2023-08-16,2023,8,16
CO 0585,2023-08-17,2023,8,17
CO 0586,2023-08-18,2023,8,18
CO 0587,2023-08-19,2023,8,19
CO 0588,2023-08-20,2023,8,20
CO 0589,2023-08-21,2023,8,21
CO 0590,2023-08-23,2023,8,23
CO 0591,2023-08-24,2023,8,24
CO 0592,2023-08-25,2023,8,25
CO 0593,2023-08-26,2023,8,26
CO 0594,2023-08-27,2023,8,27
CO 0595,2023-08-28,2023,8,28
CO 0596,2023-08-29,2023,8,29
CO 0597,2023-08-30,2023,8,30
CO 0598,2023-08-31,2023,8,31
CO 0599,2023-09-01,2023,9,1
CO 0600,2023-09-02,2023,9,2
CO 0601,2023-09-03,2023,9,3
CO 0602,2023-09-04,2023,9,4
CO 0603,2023-09-05,2023,9,5
CO 0604,2023-09-06,2023,9,6
CO 0605,2023-09-07,2023,9,7
CO 0606,2023-09-08,2023,9,8
CO 0607,2023-09-09,2023,9,9
CO 0608,2023-09-10,2023,9,10
CO 0609,2023-09-11,2023,9,11
CO 0610,2023-09-12,2023,9,12
CO 0611,2023-09-13,2023,9,13
CO 0612,2023-09-14,2023,9,14
CO 0613,2023-09-15,2023,9,15
CO 0614,2023-09-16,2023,9,16
CO 0615,2023-09-17,2023,9,17
CO 0616,2023-09-18,2023,9,18
CO 0617,2023-09-19,2023,9,19
CO 0618,2023-09-20,2023,9,20
CO 0619,2023-09-21,2023,9,21
CO 0620,2023-09-22,2023,9,22
CO 0621,2023-09-23,2023,9,23
CO 0622,2023-09-24,2023,9,24
CO 0623,2023-09-25,2023,9,25
CO 0624,2023-09-26,2023,9,26
CO 0625,2023-09-27,2023,9,27
CO 0626,2023-09-28,2023,9,28
CO 0627,2023-09-29,2023,9,29
CO 0628,2023-09-30,2023,9,30
CO 0629,2023-10-01,2023,10,1
CO 0630,2023-10-02,2023,10,2
CO 0631,2023-10-03,2023,10,3
CO 0632,2023-10-04,2023,10,4
CO 0633,2023-10-05,2023,10,5
CO 0634,2023-10-06,2023,10,6
CO 0635,2023-10-07,2023,10,7
CO 0636,2023-10-08,2023,10,8
CO 0637,2023-10-09,2023,10,9
CO 0638,2023-10-10,2023,10,10
CO 0639,2023-10-11,2023,10,11
CO 0640,2023-10-12,2023,10,12
CO 0641,2023-10-13,2023,10,13
CO 0642,2023-10-14,2023,10,14
CO 0643,2023-10-15,2023,10,15
CO 0644,2023-10-16,2023,10,16
CO 0645,2023-10-17,2023,10,17
CO 0646,2023-10-18,2023,10,18
CO 0647,2023-10-19,2023,10,19
CO 0648,2023-10-20,2023,10,20
CO 0649,2023-10-21,2023,10,21
CO 0650,2023-10-22,2023,10,22
CO 0651,2023-10-23,2023,10,23
CO 0652,2023-10-24,2023,10,24
CO 0653,2023-10-25,2023,10,25
CO 0654,2023-10-26,2023,10,26
CO 0655,2023-10-27,2023,10,27
CO 0656,2023-10-28,2023,10,28
CO 0657,2023-10-29,2023,10,29
CO 0658,2023-10-30,2023,10,30
CO 0659,2023-10-31,2023,10,31
CO 0660,2023-11-01,2023,11,1
CO 0661,2023-11-02,2023,11,2
CO 0662,2023-11-03,2023,11,3
CO 0663,2023-11-04,2023,11,4
CO 0664,2023-11-05,2023,11,5
CO 0665,2023-11-06,2023,11,6
CO 0666,2023-11-07,2023,11,7
CO 0667,2023-11-08,2023,11,8
CO 0668,2023-11-09,2023,11,9
CO 0669,2023-11-10,2023,11,10
CO 0670,2023-11-11,2023,11,11
CO 0671,2023-11-12,2023,11,12
CO 0672,2023-11-13,2023,11,13
CO 0673,2023-11-15,2023,11,15
CO 0674,2023-11-16,2023,11,16
CO 0675,2023-11-17,2023,11,17
CO 0676,2023-11-18,2023,11,18
CO 0677,2023-11-19,2023,11,19
CO 0678,2023-11-20,2023,11,20
CO 0679,2023-11-21,2023,11,21
CO 0680,2023-11-22,2023,11,22
CO 0681,2023-11-23,2023,11,23
CO 0682,2023-11-24,2023,11,24
CO 0683,2023-11-25,2023,11,25
CO 0684,2023-11-26,2023,11,26
CO 0685,2023-11-27,2023,11,27
CO 0686,2023-11-28,2023,11,28
CO 0687,2023-11-29,2023,11,29
CO 0688,2023-11-30,2023,11,30
CO 0689,2023-12-01,2023,12,1
CO 0690,2023-12-02,2023,12,2
CO 0691,2023-12-03,2023,12,3
CO 0692,2023-12-04,2023,12,4
CO 0693,2023-12-05,2023,12,5
CO 0694,2023-12-06,2023,12,6
CO 0695,2023-12-07,2023,12,7
CO 0696,2023-12-08,2023,12,8
CO 0697,2023-12-09,2023,12,9
CO 0698,2023-12-10,2023,12,10
CO 0699,2023-12-11,2023,12,11
CO 0700,2023-12-12,2023,12,12
CO 0701,2023-12-13,2023,12,13
CO 0702,2023-12-14,2023,12,14
CO 0703,2023-12-15,2023,12,15
CO 0704,2023-12-16,2023,12,16
CO 0705,2023-12-17,2023,12,17
CO 0706,2023-12-18,2023,12,18
CO 0707,2023-12-19,2023,12,19
CO 0708,2023-12-20,2023,12,20
CO 0709,2023-12-21,2023,12,21
CO 0710,2023-12-22,2023,12,22
CO 0711,2023-12-23,2023,12,23
CO 0712,2023-12-24,2023,12,24
CO 0713,2023-12-25,2023,12,25
CO 0714,2023-12-26,2023,12,26
CO 0715,2023-12-27,2023,12,27
CO 0716,2023-12-28,2023,12,28
CO 0717,2023-12-29,2023,12,29
CO 0718,2023-12-30,2023,12,30
CO 0719,2023-12-31,2023,12,31
CO 0720,2024-01-01,2024,1,1
CO 0721,2024-01-02,2024,1,2
CO 0722,2024-01-03,2024,1,3
CO 0723,2024-01-04,2024,1,4
CO 0724,2024-01-05,2024,1,5
CO 0725,2024-01-06,2024,1,6
CO 0726,2024-01-07,2024,1,7
CO 0727,2024-01-08,2024,1,8
CO 0728,2024-01-09,2024,1,9
CO 0729,2024-01-10,2024,1,10
CO 0730,2024-01-11,2024,1,11
CO 0731,2024-01-12,2024,1,12
CO 0732,2024-01-13,2024,1,13
CO 0733,2024-01-14,2024,1,14
CO 0734,2024-01-15,2024,1,15
CO 0735,2024-01-16,2024,1,16
CO 0736,2024-01-17,2024,1,17
CO 0737,2024-01-18,2024,1,18
CO 0738,2024-01-19,2024,1,19
CO 0739,2024-01-20,2024,1,20
CO 0740,2024-01-21,2024,1,21
CO 0741,2024-01-22,2024,1,22
CO 0742,2024-01-23,2024,1,23
CO 0743,2024-01-24,2024,1,24
CO 0744,2024-01-25,2024,1,25
CO 0745,2024-01-26,2024,1,26
CO 0746,2024-01-27,2024,1,27
CO 0747,2024-01-28,2024,1,28
CO 0748,2024-01-29,2024,1,29
CO 0749,2024-01-30,2024,1,30
CO 0750,2024-01-31,2024,1,31
CO 0751,2024-02-01,2024,2,1
CO 0752,2024-02-03,2024,2,3
CO 0753,2024-02-04,2024,2,4
CO 0754,2024-02-05,2024,2,5
CO 0755,2024-02-06,2024,2,6
CO 0756,2024-02-07,2024,2,7
CO 0757,2024-02-08,2024,2,8
CO 0758,2024-02-09,2024,2,9
CO 0759,2024-02-10,2024,2,10
CO 0760,2024-02-11,2024,2,11
CO 0761,2024-02-12,2024,2,12
CO 0762,2024-02-13,2024,2,13
CO 0763,2024-02-14,2024,2,14
CO 0764,2024-02-15,2024,2,15
CO 0765,2024-02-16,2024,2,16
CO 0766,2024-02-17,2024,2,17
CO 0767,2024-02-18,2024,2,18
CO 0768,2024-02-19,2024,2,19
CO 0769,2024-02-20,2024,2,20
CO 0770,2024-02-21,2024,2,21
CO 0771,2024-02-22,2024,2,22
CO 0772,2024-02-23,2024,2,23
CO 0773,2024-02-24,2024,2,24
CO 0774,2024-02-25,2024,2,25
CO 0775,2024-02-26,2024,2,26
CO 0776,2024-02-27,2024,2,27
CO 0777,2024-02-28,2024,2,28
CO 0778,2024-02-29,2024,2,29
CO 0779,2024-03-01,2024,3,1
CO 0780,2024-03-02,2024,3,2
CO 0781,2024-03-03,2024,3,3
CO 0782,2024-03-04,2024,3,4
CO 0783,2024-03-05,2024,3,5
CO 0784,2024-03-06,2024,3,6
CO 0785,2024-03-07,2024,3,7
CO 0786,2024-03-08,2024,3,8
CO 0787,2024-03-09,2024,3,9
CO 0788,2024-03-10,2024,3,10
CO 0789,2024-03-11,2024,3,11
CO 0790,2024-03-12,2024,3,12
CO 0791,2024-03-13,2024,3,13
CO 0792,2024-03-14,2024,3,14
CO 0793,2024-03-15,2024,3,15
CO 0794,2024-03-16,2024,3,16
CO 0795,2024-03-17,2024,3,17
CO 0796,2024-03-18,2024,3,18
CO 0797,2024-03-19,2024,3,19
CO 0798,2024-03-20,2024,3,20
CO 0799,2024-03-21,2024,3,21
CO 0800,2024-03-22,2024,3,22
CO 0801,2024-03-23,2024,3,23
CO 0802,2024-03-24,2024,3,24
CO 0803,2024-03-25,2024,3,25
CO 0804,2024-03-26,2024,3,26
CO 0805,2024-03-27,2024,3,27
CO 0806,2024-03-28,2024,3,28
CO 0807,2024-03-29,2024,3,29
CO 0808,2024-03-30,2024,3,30
CO 0809,2024-03-31,2024,3,31
CO 0810,2024-04-01,2024,4,1
CO 0811,2024-04-02,2024,4,2
CO 0812,2024-04-03,2024,4,3
CO 0813,2024-04-04,2024,4,4
CO 0814,2024-04-05,2024,4,5
CO 0815,2024-04-06,2024,4,6
CO 0816,2024-04-07,2024,4,7
CO 0817,2024-04-08,2024,4,8
CO 0818,2024-04-09,2024,4,9
CO 0819,2024-04-10,2024,4,10
CO 0820,2024-04-11,2024,4,11
CO 0821,2024-04-12,2024,4,12
CO 0822,2024-04-13,2024,4,13
CO 0823,2024-04-14,2024,4,14
CO 0824,2024-04-15,2024,4,15
CO 0825,2024-04-16,2024,4,16
CO 0826,2024-04-17,2024,4,17
CO 0827,2024-04-18,2024,4,18
CO 0828,2024-04-19,2024,4,19
CO 0829,2024-04-20,2024,4,20
CO 0830,2024-04-21,2024,4,21
CO 0831,2024-04-22,2024,4,22
CO 0832,2024-04-23,2024,4,23
CO 0833,2024-04-24,2024,4,24
CO 0834,2024-04-25,2024,4,25
CO 0835,2024-04-26,2024,4,26
CO 0836,2024-04-27,2024,4,27
CO 0837,2024-04-28,2024,4,28
CO 0838,2024-04-29,2024,4,29
CO 0839,2024-04-30,2024,4,30
CO 0840,2024-05-01,2024,5,1
CO 0841,2024-05-02,2024,5,2
CO 0842,2024-05-04,2024,5,4
CO 0843,2024-05-05,2024,5,5
CO 0844,2024-05-06,2024,5,6
CO 0845,2024-05-07,2024,5,7
CO 0846,2024-05-08,2024,5,8
CO 0847,2024-05-09,2024,5,9
CO 0848,2024-05-10,2024,5,10
CO 0849,2024-05-11,2024,5,11
CO 0850,2024-05-13,2024,5,13
CO 0851,2024-05-14,2024,5,14
CO 0852,2024-05-15,2024,5,15
CO 0853,2024-05-16,2024,5,16
CO 0854,2024-05-17,2024,5,17
CO 0855,2024-05-18,2024,5,18
CO 0856,2024-05-19,2024,5,19
CO 0857,2024-05-20,2024,5,20
CO 0858,2024-05-21,2024,5,21
CO 0859,2024-05-22,2024,5,22
CO 0860,2024-05-23,2024,5,23
CO 0861,2024-05-24,2024,5,24
CO 0862,2024-05-25,2024,5,25
CO 0863,2024-05-26,2024,5,26
CO 0864,2024-05-27,2024,5,27
CO 0865,2024-05-28,2024,5,28
CO 0866,2024-05-29,2024,5,29
CO 0867,2024-05-30,2024,5,30
CO 0868,2024-05-31,2024,5,31
CO 0869,2024-06-01,2024,6,1
CO 0870,2024-06-02,2024,6,2
CO 0871,2024-06-03,2024,6,3
CO 0872,2024-06-04,2024,6,4
CO 0873,2024-06-05,2024,6,5
CO 0874,2024-06-06,2024,6,6
CO 0875,2024-06-07,2024,6,7
CO 0876,2024-06-08,2024,6,8
CO 0877,2024-06-09,2024,6,9
CO 0878,2024-06-10,2024,6,10
CO 0879,2024-06-11,2024,6,11
CO 0880,2024-06-13,2024,6,13
CO 0881,2024-06-14,2024,6,14
CO 0882,2024-06-15,2024,6,15
CO 0883,2024-06-16,2024,6,16
CO 0884,2024-06-17,2024,6,17
CO 0885,2024-06-18,2024,6,18
CO 0886,2024-06-19,2024,6,19
CO 0887,2024-06-20,2024,6,20
CO 0888,2024-06-21,2024,6,21
CO 0889,2024-06-22,2024,6,22
CO 0890,2024-06-23,2024,6,23
CO 0891,2024-06-24,2024,6,24
CO 0892,2024-06-25,2024,6,25
CO 0893,2024-06-26,2024,6,26
CO 0894,2024-06-27,2024,6,27
CO 0895,2024-06-28,2024,6,28
CO 0896,2024-06-29,2024,6,29
CO 0897,2024-06-30,2024,6,30
CO 0898,2024-07-01,2024,7,1
CO 0899,2024-07-02,2024,7,2
CO 0900,2024-07-03,2024,7,3
CO 0901,2024-07-04,2024,7,4
CO 0902,2024-07-05,2024,7,5
CO 0903,2024-07-06,2024,7,6
CO 0904,2024-07-07,2024,7,7
CO 0905,2024-07-08,2024,7,8
CO 0906,2024-07-09,2024,7,9
CO 0907,2024-07-10,2024,7,10
CO 0908,2024-07-11,2024,7,11
CO 0909,2024-07-12,2024,7,12
CO 0910,2024-07-13,2024,7,13
CO 0911,2024-07-14,2024,7,14
CO 0912,2024-07-15,2024,7,15
CO 0913,2024-07-16,2024,7,16
CO 0914,2024-07-17,2024,7,17
CO 0915,2024-07-18,2024,7,18
CO 0916,2024-07-19,2024,7,19
CO 0917,2024-07-20,2024,7,20
CO 0918,2024-07-21,2024,7,21
CO 0919,2024-07-22,2024,7,22
CO 0920,2024-07-23,2024,7,23
CO 0921,2024-07-24,2024,7,24
CO 0922,2024-07-25,2024,7,25
CO 0923,2024-07-26,2024,7,26
CO 0924,2024-07-27,2024,7,27
CO 0925,2024-07-28,2024,7,28
CO 0926,2024-07-29,2024,7,29
CO 0927,2024-07-30,2024,7,30
CO 0928,2024-07-31,2024,7,31
CO 0929,2024-08-01,2024,8,1
CO 0930,2024-08-02,2024,8,2
CO 0931,2024-08-03,2024,8,3
CO 0932,2024-08-04,2024,8,4
CO 0933,2024-08-05,2024,8,5
CO 0934,2024-08-06,2024,8,6
CO 0935,2024-08-07,2024,8,7
CO 0936,2024-08-08,2024,8,8
CO 0937,2024-08-09,2024,8,9
CO 0938,2024-08-10,2024,8,10
CO 0939,2024-08-11,2024,8,11
CO 0940,2024-08-12,2024,8,12
CO 0941,2024-08-13,2024,8,13
CO 0942,2024-08-14,2024,8,14
CO 0943,2024-08-15,2024,8,15
CO 0944,2024-08-16,2024,8,16
CO 0945,2024-08-17,2024,8,17
CO 0946,2024-08-18,2024,8,18
CO 0947,2024-08-19,2024,8,19
CO 0948,2024-08-20,2024,8,20
CO 0949,2024-08-21,2024,8,21
CO 0950,2024-08-22,2024,8,22
CO 0951,2024-08-23,2024,8,23
CO 0952,2024-08-24,2024,8,24
CO 0953,2024-08-25,2024,8,25
CO 0954,2024-08-26,2024,8,26
CO 0955,2024-08-27,2024,8,27
CO 0956,2024-08-28,2024,8,28
CO 0957,2024-08-29,2024,8,29
CO 0958,2024-08-30,2024,8,30
CO 0959,2024-08-31,2024,8,31
CO 0960,2024-09-01,2024,9,1
CO 0961,2024-09-02,2024,9,2
CO 0962,2024-09-03,2024,9,3
CO 0963,2024-09-04,2024,9,4
CO 0964,2024-09-05,2024,9,5
CO 0965,2024-09-06,2024,9,6
CO 0966,2024-09-07,2024,9,7
CO 0967,2024-09-08,2024,9,8
CO 0968,2024-09-09,2024,9,9
CO 0969,2024-09-10,2024,9,10
CO 0970,2024-09-11,2024,9,11
CO 0971,2024-09-12,2024,9,12
CO 0972,2024-09-13,2024,9,13
CO 0973,2024-09-14,2024,9,14
CO 0974,2024-09-15,2024,9,15
CO 0975,2024-09-16,2024,9,16
CO 0976,2024-09-17,2024,9,17
CO 0977,2024-09-19,2024,9,19
CO 0978,2024-09-20,2024,9,20
CO 0979,2024-09-21,2024,9,21
CO 0980,2024-09-22,2024,9,22
CO 0981,2024-09-23,2024,9,23
CO 0982,2024-09-24,2024,9,24
CO 0983,2024-09-25,2024,9,25
CO 0984,2024-09-26,2024,9,26
CO 0985,2024-09-27,2024,9,27
CO 0986,2024-09-28,2024,9,28
CO 0987,2024-09-29,2024,9,29
CO 0988,2024-09-30,2024,9,30
CO 0989,2024-10-01,2024,10,1
CO 0990,2024-10-02,2024,10,2
CO 0991,2024-10-03,2024,10,3
CO 0992,2024-10-04,2024,10,4
CO 0993,2024-10-05,2024,10,5
CO 0994,2024-10-06,2024,10,6
CO 0995,2024-10-07,2024,10,7
CO 0996,2024-10-08,2024,10,8
CO 0997,2024-10-09,2024,10,9
CO 0998,2024-10-10,2024,10,10
CO 0999,2024-10-11,2024,10,11
CO 1000,2024-10-12,2024,10,12
CO 1001,2024-10-13,2024,10,13
CO 1002,2024-10-14,2024,10,14
CO 1003,2024-10-15,2024,10,15
CO 1004,2024-10-16,2024,10,16
CO 1005,2024-10-17,2024,10,17
CO 1006,2024-10-18,2024,10,18
CO 1007,2024-10-19,2024,10,19
CO 1008,2024-10-20,2024,10,20
CO 1009,2024-10-21,2024,10,21
CO 1010,2024-10-22,2024,10,22
CO 1011,2024-10-23,2024,10,23
CO 1012,2024-10-24,2024,10,24
CO 1013,2024-10-25,2024,10,25
CO 1014,2024-10-26,2024,10,26
CO 1015,2024-10-27,2024,10,27
CO 1016,2024-10-28,2024,10,28
CO 1017,2024-10-29,2024,10,29
CO 1018,2024-10-30,2024,10,30
CO 1019,2024-10-31,2024,10,31
CO 1020,2024-11-01,2024,11,1
CO 1021,2024-11-02,2024,11,2
CO 1022,2024-11-03,2024,11,3
CO 1023,2024-11-04,2024,11,4
CO 1024,2024-11-05,2024,11,5
CO 1025,2024-11-06,2024,11,6
CO 1026,2024-11-07,2024,11,7
CO 1027,2024-11-08,2024,11,8
CO 1028,2024-11-09,2024,11,9
CO 1029,2024-11-10,2024,11,10
CO 1030,2024-11-11,2024,11,11
CO 1031,2024-11-12,2024,11,12
CO 1032,2024-11-13,2024,11,13
CO 1033,2024-11-14,2024,11,14
CO 1034,2024-11-15,2024,11,15
CO 1035,2024-11-16,2024,11,16
CO 1036,2024-11-17,2024,11,17
CO 1037,2024-11-18,2024,11,18
CO 1038,2024-11-19,2024,11,19
CO 1039,2024-11-20,2024,11,20
CO 1040,2024-11-21,2024,11,21
CO 1041,2024-11-22,2024,11,22
CO 1042,2024-11-23,2024,11,23
CO 1043,2024-11-24,2024,11,24
CO 1044,2024-11-25,2024,11,25
CO 1045,2024-11-26,2024,11,26
CO 1046,2024-11-27,2024,11,27
CO 1047,2024-11-28,2024,11,28
CO 1048,2024-11-29,2024,11,29
CO 1049,2024-11-30,2024,11,30
CO 1050,2024-12-01,2024,12,1
CO 1051,2024-12-02,2024,12,2
CO 1052,2024-12-03,2024,12,3
CO 1053,2024-12-04,2024,12,4
CO 1054,2024-12-05,2024,12,5
CO 1055,2024-12-06,2024,12,6
CO 1056,2024-12-07,2024,12,7
CO 1057,2024-12-08,2024,12,8
CO 1058,2024-12-09,2024,12,9
CO 1059,2024-12-10,2024,12,10
CO 1060,2024-12-11,2024,12,11
CO 1061,2024-12-12,2024,12,12
CO 1062,2024-12-13,2024,12,13
CO 1063,2024-12-14,2024,12,14
CO 1064,2024-12-16,2024,12,16
CO 1065,2024-12-17,2024,12,17
CO 1066,2024-12-18,2024,12,18
CO 1067,2024-12-19,2024,12,19
CO 1068,2024-12-20,2024,12,20
CO 1069,2024-12-21,2024,12,21
CO 1070,2024-12-22,2024,12,22
CO 1071,2024-12-23,2024,12,23
CO 1072,2024-12-24,2024,12,24
CO 1073,2024-12-25,2024,12,25
CO 1074,2024-12-26,2024,12,26
CO 1075,2024-12-27,2024,12,27
CO 1076,2024-12-28,2024,12,28
CO 1077,2024-12-29,2024,12,29
CO 1078,2024-12-30,2024,12,30
CO 1079,2024-12-31,2024,12,31
CO 1080,2025-01-01,2025,1,1
CO 1081,2025-01-02,2025,1,2
CO 1082,2025-01-03,2025,1,3
CO 1083,2025-01-04,2025,1,4
CO 1084,2025-01-05,2025,1,5
CO 1085,2025-01-07,2025,1,7
